{
  "jsonrpc": "2.0",
  "id": 833,
  "result": {
    "volume": [
      19.007942601,
      20.095877981
    ],
    "ticks": [
      1554373800000,
      1554375600000
    ],
    "status": "ok",
    "open": [
      4963.42,
      4986.29
    ],
    "low": [
      4728.94,
      4726.6
    ],
    "high": [
      5185.45,
      5250.87
    ],
    "close": [
      5052.95,
      5013.59
    ]
  },
  "usIn": 1554381680742493,
  "usOut": 1554381680742698,
  "usDiff": 205,
  "testnet": false
}